,GDP(SA),수출(NSA),수입(NSA),소비자물가지수(NSA),NSI,전산업생산지수(SA),일평균수출(NSA),일평균수입(NSA),일평균수출(SA),일평균수입(SA),소비자물가지수(SA),"일평균수출(실질, SA)"
200001,,12162425.0,12594623.0,62.456,,52.5,511026.26050420164,529185.8403361344,536977.571058137,532463.900964831,62.6159275774485,857573.4510903143
200002,,12676042.0,12023652.0,62.647,,52.5,573576.5610859728,544056.6515837103,576738.790339321,523585.471625166,62.6311557751938,920849.6685091493
200003,220786.3,14429703.0,14212011.0,62.962,,53.6,581842.8629032258,573064.9596774194,573277.64944654,564244.784980591,62.5986757774525,915798.3652635503
200004,,13522040.0,13344532.0,62.709,,53.5,628932.0930232558,620675.9069767442,622528.866056266,618979.120351798,62.3643803019208,998212.2215316751
200005,,14636755.0,13283356.0,62.393,,54.9,641962.9385964912,582603.3333333334,629592.434474615,596876.2161348871,62.3215292799036,1010232.6463250566
200006,223728.3,15250940.0,13177511.0,62.709,,55.1,640795.7983193278,553676.9327731092,620181.416353066,549804.041610647,62.643622554644296,990015.2498557679
200007,,14455656.0,13671876.0,62.962,,55.7,615134.2978723404,581781.9574468085,650931.10517399,595166.583740585,63.0534720904709,1032347.7575350899
200008,,14786880.0,13441139.0,63.277,,55.5,596245.1612903225,541981.4112903225,634130.256909501,581421.521522525,63.277139014693496,1002147.4845160912
200009,229891.1,15133379.0,13291803.0,64.098,,55.0,703878.0930232558,618223.3953488372,658418.574305646,593054.310019349,63.85083583054271,1031182.3889871384
200010,,15248068.0,14104212.0,64.035,,54.9,640675.1260504201,592613.9495798319,627155.686324823,579854.46053445,64.0474112505198,979205.3637760933
200011,,14989068.0,14160418.0,63.656,,54.4,604397.9032258064,570984.5967741936,610086.622151139,581625.336260441,64.1140679541231,951564.362735004
200012,229145.2,14976555.0,13175885.0,63.908,,53.4,637300.2127659575,560675.9574468085,632504.7792878239,556895.2819229871,64.3199167048308,983373.1318254631
200101,,12644929.0,12431023.0,64.604,,54.7,580042.6146788991,570230.4128440367,608194.17389321,572535.5018393521,64.7612178187169,939133.3183321226
200102,,13354074.0,12732258.0,64.919,,54.9,585705.0,558432.3684210526,589911.443659075,537968.108196064,64.9001766914435,908951.9840041505
200103,231953.5,14124891.0,12951886.0,65.488,,55.1,576526.1632653062,528648.4081632653,568854.758424624,520473.473068581,65.0993541996802,873825.5016782001
200104,,12121110.0,11212192.0,65.74,,56.0,531627.6315789473,491762.8070175438,524440.703317171,488412.457380086,65.3804226254364,802137.21823379
200105,,13306959.0,11554834.0,65.677,,56.8,552155.9751037344,479453.69294605806,540408.258955659,488586.35253613297,65.5985813833595,823810.892795839
200106,234966.3,12931941.0,11718966.0,65.866,,56.3,550295.3617021276,498679.40425531915,532591.81532684,497562.73176790203,65.82027158927829,809160.7683575646
200107,,11392257.0,11107564.0,65.992,,56.0,478666.2605042017,466704.3697478991,507076.16833631205,478487.56575138296,66.0921716002988,767225.7637453988
200108,,11766192.0,11337826.0,66.245,,57.3,474443.2258064516,457170.4032258064,506559.07912561,491243.901987736,66.2460916060572,764662.5889085551
200109,238138.8,12447324.0,11709659.0,66.182,,57.8,529673.3617021276,498283.3617021277,495467.876426489,478295.18888607796,65.9362394229641,751434.8418449971
200110,,12086028.0,11506884.0,66.182,,57.9,530088.947368421,504687.8947368421,519007.48498253705,494194.497569416,66.1903527470161,784113.4900220549
200111,,12348967.0,11532771.0,65.804,,58.4,497942.21774193546,465031.0887096774,501935.33330972603,473761.773272138,66.2716916232187,757390.2536899629
200112,242336.2,11914472.0,11301958.0,65.93,,57.1,506998.8085106383,480934.3829787234,504722.864536163,478586.80313998397,66.3522278252026,760672.0694681088
200201,,11381879.0,11326430.0,66.308,,59.4,458946.73387096776,456710.8870967742,477991.79230891704,458232.241162382,66.443341529414,719397.5819191956
200202,,11023037.0,10471161.0,66.624,,59.8,556719.0404040404,528846.5151515151,562326.3305632371,509170.000011474,66.599632132323,844338.4934108692
200203,248502.4,13251323.0,11990097.0,67.003,,60.6,563886.085106383,510216.89361702127,556875.864554069,501131.596207219,66.60514125513039,836085.4043097979
200204,,13184534.0,12559696.0,67.382,,61.3,553972.0168067226,527718.319327731,545631.665096178,521284.402246115,67.0172262555311,814166.2906425429
200205,,14173177.0,12698101.0,67.634,,61.2,571499.0725806451,512020.2016129032,557447.869223837,518962.475412595,67.5397699396618,825362.4045830271
200206,253005.6,12894088.0,11934221.0,67.571,,61.0,599725.023255814,555080.0465116279,580657.4534558,557123.175835854,67.5686790414711,859358.8948208005
200207,,13395179.0,13031773.0,67.382,,62.4,562822.6470588235,547553.4873949579,596943.631998614,563304.898266265,67.493086287205,884451.5265732922
200208,,13959110.0,12860751.0,67.824,,61.5,569759.5918367347,524928.612244898,610426.954489987,563628.682881311,67.8189608306957,900083.0254740503
200209,258120.9,13900763.0,12991557.0,68.204,,62.0,628993.8009049774,587853.257918552,590602.90139263,565318.725439445,67.9684279549057,868937.1214889229
200210,,15084659.0,13817061.0,68.013,,62.3,608252.3790322581,557139.5564516129,593360.4854242189,545884.7205022511,68.0222625892629,872303.3648661358
200211,,15196561.0,13993431.0,68.077,,62.4,620267.7959183673,571160.4489795918,622376.460759433,581887.9416576871,68.5407538645217,908038.5400919695
200212,260953.4,15026217.0,14451874.0,68.391,,62.0,659044.6052631579,633854.1228070175,660721.84907704,632671.130446934,68.8087196201206,960229.8265754039
200301,,14319931.0,14494967.0,68.835,,62.3,601677.7731092437,609032.2268907563,623792.7883031829,612885.507273476,68.9481338190166,904727.588335588
200302,,13337145.0,13858274.0,69.213,,61.5,603490.7239819004,627071.221719457,611189.428283663,604219.493928776,69.1856658781852,883404.7060554142
200303,259233.3,15378850.0,15870217.0,70.034,,62.3,646170.1680672269,666815.8403361344,639939.989680262,654015.425315429,69.6293031119689,919067.0609631017
200304,,15720592.0,14758747.0,69.908,,62.4,652306.7219917012,612396.1410788381,641919.440001872,601285.1273243721,69.55088427465189,922949.3581519023
200305,,14676092.0,13523642.0,69.782,,62.4,652270.7555555556,601050.7555555556,631012.337576634,602568.926660191,69.67271452959079,905680.7127970245
200306,258833.7,15656327.0,13428141.0,69.592,,63.3,686681.0087719298,588953.5526315789,666200.242218188,594322.24575667,69.636274626806,956685.6437804599
200307,,15431714.0,14898003.0,69.53,,62.8,622246.5322580645,600725.9274193548,658445.2568493789,619242.554465795,69.6397010326846,945502.7047579442
200308,,15375268.0,13541360.0,69.845,,63.6,654266.7234042553,576228.085106383,703092.223784224,616964.416106049,69.8237727611813,1006952.4976672556
200309,263836.1,17021082.0,14531444.0,70.477,,63.7,780783.5779816513,666580.0,737650.042940414,643257.478800179,70.2452519325875,1050106.6230758447
200310,,18929665.0,16536628.0,70.539,,64.2,763292.943548387,666799.5161290322,741122.329439116,653252.715503084,70.544446819031,1050575.0103056745
200311,,18242088.0,15760750.0,70.413,,64.3,776259.0638297872,670670.2127659575,774666.082581048,684816.886137501,70.87318006739001,1093031.3580460958
200312,270800.0,19728688.0,17624485.0,70.73,,64.2,795511.6129032258,710664.7177419355,802123.1672895871,710758.395213796,71.14390874365009,1127465.697983849
200401,,18987120.0,16208879.0,71.172,,64.9,883121.8604651163,753901.3488372093,915573.0656321391,762240.8749779271,71.2646828875955,1284750.0732954303
200402,,19136968.0,17468564.0,71.487,,65.5,839340.701754386,766165.0877192982,852579.143978544,741255.2806333391,71.4669637212066,1192969.589843588
200403,274198.0,21174855.0,19120078.0,72.181,,65.2,853824.7983870967,770970.8870967742,848467.996246353,755233.841816175,71.7955275381522,1181783.91515471
200404,,21483357.0,18829952.0,72.181,,65.8,942252.5,825875.0877192982,928580.977648902,808283.942011668,71.8406063121373,1292557.2671454758
200405,,20834259.0,17895384.0,72.119,,65.7,955699.9541284404,820889.1743119266,916735.518129666,812393.214659517,71.9855495477253,1273499.3674277428
200406,276291.5,21657111.0,18544350.0,72.119,,64.9,873270.6048387097,747756.0483870967,846630.279238904,757439.715463945,72.2034350652415,1172562.3281965835
200407,,21003794.0,18390091.0,72.561,,64.9,875158.0833333334,766253.7916666666,923419.12672097,789075.838314338,72.64873197016891,1271073.9770380924
200408,,19798969.0,18124364.0,73.191,,65.0,824957.0416666666,755181.8333333334,887223.80614316,804341.673435779,73.15504966201951,1212799.1303979484
200409,277412.1,20831133.0,18193347.0,73.191,,65.6,991958.7142857143,866349.8571428572,941285.660480076,837722.8781313391,72.9560320613089,1290209.5054855268
200410,,22663289.0,20408216.0,73.191,,65.4,964395.2765957447,868434.7234042553,930370.6466785771,851113.8222574809,73.1922426420763,1271132.8592952986
200411,,23076612.0,20311965.0,72.75,,65.4,961525.5,846331.875,955958.129570105,865918.7333205809,73.1963417403976,1306018.9988190415
200412,279514.7,23197206.0,20967497.0,72.877,,64.8,946824.7346938775,855816.2040816327,957822.460248364,857227.439870384,73.27568161330409,1307149.164852613
200501,,22454025.0,19450003.0,73.594,106.39,67.0,976261.9565217391,845652.304347826,1024324.09577067,860647.184059912,73.6902645259775,1390039.922315074
200502,,20401096.0,18396908.0,73.892,110.62,66.4,1073741.894736842,968258.3157894737,1091941.16741514,944238.7643557129,73.8983057914847,1477626.794985284
200503,281893.1,23952500.0,22779866.0,74.338,103.98,67.5,998020.8333333334,949161.0833333334,999877.5959488491,934528.189420224,73.9882417719197,1351400.6712460173
200504,,22872505.0,21244490.0,74.413,100.87,67.2,1016555.7777777778,944199.5555555555,1002848.5111023,924710.098483672,74.1114291349396,1353163.098874193
200505,,23122703.0,21161778.0,74.338,101.94,67.2,1005334.9130434783,920077.304347826,951239.377477557,896102.0614673471,74.1858800797795,1282237.7741621374
200506,287212.6,23707576.0,21288597.0,74.114,102.04,67.6,1030764.1739130435,925591.1739130435,998723.387057,938056.084366537,74.2050004757632,1345897.6897159412
200507,,23235522.0,21508824.0,74.413,108.8,68.1,988745.6170212766,915269.1063829787,1033326.80642157,937901.5046305209,74.4417159774946,1388101.8093859737
200508,,23342967.0,22000828.0,74.636,97.81,68.5,972623.625,916701.1666666666,1046650.39784195,968879.761925842,74.57231812974929,1403537.430633268
200509,291536.1,24519191.0,22718657.0,75.008,109.38,68.6,1089741.822222222,1009718.088888889,1034935.74467423,973689.628988045,74.77197326614221,1384122.5521633562
200510,,25352748.0,22652735.0,74.859,105.65,69.1,1126788.8,1006788.2222222222,1083611.96375954,985984.164993921,74.8529955591941,1447653.4381347701
200511,,25826192.0,23849552.0,74.561,117.05,70.8,1076091.3333333333,993731.3333333334,1070940.09294283,1021328.13172439,74.9989611510533,1427939.9027752928
200512,294487.8,25631716.0,24186026.0,74.785,115.34,69.5,1046192.4897959183,987184.7346938775,1059142.72000047,991285.113420494,75.19266876845491,1408571.789441267
200601,,23257866.0,23089304.0,75.231,112.09,71.1,1033682.9333333333,1026191.2888888889,1105454.80319318,1050388.41007119,75.3341526791927,1467401.92048182
200602,,23786956.0,23507780.0,75.381,100.82,70.2,1081225.2727272727,1068535.4545454546,1099153.11475867,1051033.48051376,75.4239950755577,1457298.9851009198
200603,299314.8,26840145.0,25945007.0,75.827,99.82,70.9,1118339.375,1081041.9583333333,1128159.20842542,1074015.29346391,75.53135658210421,1493630.2742015321
200604,,25590123.0,24485820.0,75.902,98.84,71.7,1137338.8,1088258.6666666667,1123358.71814234,1072091.85589067,75.6306849857344,1485321.3591206134
200605,,27934507.0,26210366.0,76.05,93.12,72.0,1269750.3181818181,1191380.2727272727,1188885.55842219,1147968.61671517,75.8747398396576,1566905.614351501
200606,301501.6,27948805.0,26023464.0,75.902,90.33,70.4,1215165.4347826086,1131454.956521739,1170739.16955178,1141718.79319827,75.97693245177521,1540913.9745078317
200607,,25774350.0,25549715.0,76.199,88.26,69.4,1145526.6666666667,1135542.888888889,1185366.21943546,1156905.6843054,76.1613410616065,1556388.323672798
200608,,27287195.0,27029461.0,76.645,92.33,72.8,1136966.4583333333,1126227.5416666667,1220229.62512945,1175896.79438735,76.5483227990006,1594064.4817699143
200609,306367.7,29651247.0,27636644.0,76.868,101.61,72.6,1261755.1914893617,1176027.4042553192,1200758.50044994,1127707.24866778,76.6412523530093,1566726.095392141
200610,,28015959.0,25621762.0,76.496,98.4,75.3,1366632.1463414633,1249842.0487804879,1311212.09204135,1224138.76812878,76.5051176098555,1713888.0809620998
200611,,30602313.0,26765115.0,76.125,99.21,74.6,1275096.375,1115213.125,1273264.54213323,1151986.71200829,76.5503651929281,1663303.0279140421
200612,308755.4,28775383.0,27518194.0,76.348,98.22,73.3,1278905.911111111,1223030.8444444444,1295884.25871122,1233210.36869406,76.75724939752041,1688289.0787291327
200701,,28092561.0,27560101.0,76.496,91.76,73.8,1170523.375,1148337.5416666667,1281829.14641682,1180802.97997533,76.60481761747371,1673300.9571508102
200702,,26225125.0,25406152.0,77.017,96.38,75.5,1279274.3902439023,1239324.487804878,1296304.84947317,1224616.21747253,77.0883140532045,1681584.1225668676
200703,313924.1,30385840.0,29295460.0,77.464,97.47,74.1,1293014.4680851065,1246615.319148936,1311611.89986996,1253759.05064008,77.2281572192559,1698359.7007840108
200704,,29944456.0,29596882.0,77.761,106.32,75.1,1301932.8695652173,1286820.956521739,1287310.88022055,1280001.06200257,77.5126335646048,1660775.5678274166
200705,,31039901.0,29856937.0,77.836,107.11,75.5,1379551.1555555556,1326974.9777777777,1278710.74128845,1265046.42823396,77.6370647182262,1647036.4328293027
200706,319355.9,32000109.0,28508098.0,77.836,107.64,75.2,1422227.0666666667,1267026.5777777778,1358076.87515404,1269276.74197521,77.8737263224357,1743947.463783781
200707,,30207444.0,29223201.0,78.134,111.95,76.7,1313367.1304347827,1270573.956521739,1346522.28070911,1288988.30747801,78.0573734570552,1725041.7495150864
200708,,30998134.0,29642050.0,78.208,97.83,78.2,1291588.9166666667,1235085.4166666667,1381651.91450549,1275527.28417306,78.08342484173271,1769456.0879033678
200709,323104.6,29323535.0,27193582.0,78.655,103.74,76.7,1503771.0256410257,1394542.6666666667,1434134.12934377,1328835.94721432,78.439305138748,1828336.096051578
200710,,34433813.0,32741232.0,78.803,108.12,78.9,1434742.2083333333,1364218.0,1379968.19435134,1339828.05754572,78.83501311360459,1750450.897195574
200711,,35807893.0,33926124.0,78.803,97.23,78.9,1491995.5416666667,1413588.5,1500869.04663199,1471187.26144271,79.23499136272291,1894199.798371017
200712,330073.8,33030276.0,33895915.0,79.101,102.99,79.1,1536291.9069767443,1576554.1860465116,1558710.84190729,1597225.50380018,79.5284617085518,1959940.8921292888
200801,,32274575.0,36318030.0,79.472,98.54,80.0,1344773.9583333333,1513251.25,1500695.95796801,1554448.30746869,79.5714361651131,1885973.196278651
200802,,31178190.0,32624334.0,79.771,97.88,79.7,1558909.5,1631216.7,1569690.08348118,1612309.46149786,79.8341943728498,1966187.6665909013
200803,331402.0,35991776.0,37110561.0,80.515,88.12,79.3,1564859.8260869565,1613502.652173913,1588247.08107044,1635574.00567054,80.3100316879477,1977644.6948019217
200804,,37850247.0,38260401.0,80.962,103.73,80.0,1645662.9130434783,1663495.6956521738,1623337.47511747,1667572.56693498,80.7167758301141,2011152.5248904077
200805,,39383158.0,38704468.0,81.63,93.06,79.6,1831774.7906976745,1800207.8139534884,1695286.58533464,1704067.82745708,81.4204820143164,2082137.7415041006
200806,333136.8,37258608.0,37827931.0,82.151,76.31,78.0,1693573.0909090908,1719451.4090909092,1598095.40052208,1713711.92935536,82.16637867189921,1944950.509384718
200807,,40961223.0,42952491.0,82.747,79.55,79.3,1638448.92,1718099.64,1675059.36952108,1743141.38803267,82.66301846212559,2026370.922190019
200808,,36610603.0,40420447.0,82.598,75.88,79.5,1627137.911111111,1796464.3111111112,1736823.61684927,1844360.99564258,82.4634657558773,2106173.444117565
200809,335854.8,37428303.0,39528073.0,82.673,70.51,78.6,1663480.1333333333,1756803.2444444445,1588057.56075389,1664358.31507876,82.4713728518546,1925586.4257365498
200810,,37111140.0,36098774.0,82.598,60.04,78.3,1546297.5,1504115.5833333333,1495500.96583129,1489884.56632499,82.6656633469041,1809095.7058621338
200811,,28841617.0,28853646.0,82.375,65.53,75.1,1281849.6444444444,1282384.2666666666,1301277.36588238,1341207.79262597,82.80793582666,1571440.4095355242
200812,324825.7,27117889.0,26575580.0,82.375,72.73,71.9,1129912.0416666667,1107315.8333333333,1147640.245624,1127497.76399551,82.7974747307886,1386081.2172780496
200901,,21133405.0,24898821.0,82.45,76.45,74.0,982949.0697674418,1158084.6976744186,1105936.23195826,1179517.26063698,82.52432231523359,1340133.6732384285
200902,,25397150.0,22598094.0,83.045,80.19,76.0,1154415.9090909092,1027186.0909090909,1153388.30679508,1010941.90544347,83.0603522297213,1388614.7552145408
200903,325118.0,27890831.0,23920622.0,83.64,89.93,75.9,1162117.9583333333,996692.5833333334,1179061.04426863,1012310.81524583,83.4428713017475,1413015.90642164
200904,,30326509.0,24873845.0,83.862,99.01,78.6,1263604.5416666667,1036410.2083333334,1239893.6394878,1045441.06490666,83.6354663692624,1482497.4299939864
200905,,27823839.0,23407033.0,83.862,99.85,77.8,1324944.7142857143,1114620.619047619,1225942.97407485,1048725.58458113,83.6651545833312,1465296.9688280448
200906,329451.1,32210048.0,25689293.0,83.788,101.13,79.8,1370640.3404255318,1093161.4042553192,1283923.6246151,1087342.36286469,83.802396922986,1532084.6082660614
200907,,31908462.0,27679764.0,84.086,108.91,79.9,1276338.48,1107190.56,1306585.94570966,1130253.31274435,84.0286238358197,1554929.60144456
200908,,28949627.0,27408191.0,84.384,105.46,80.3,1258679.4347826086,1191660.4782608696,1347704.255063,1225163.48044412,84.2601872873682,1599455.565493432
200909,339310.5,33922429.0,29757140.0,84.459,109.23,82.2,1413434.5416666667,1239880.8333333333,1348774.54001169,1169611.03344391,84.2698474260807,1600542.2831633815
200910,,33970032.0,30396532.0,84.235,106.15,81.2,1476957.9130434783,1321588.347826087,1437270.75878034,1317074.49072563,84.3176645897141,1704590.3320188406
200911,,33991607.0,29534690.0,84.384,105.4,81.4,1477895.956521739,1284116.956521739,1514488.27554697,1346975.248068,84.81709896804759,1785593.1103202554
200912,341844.7,36009623.0,32920497.0,84.682,114.77,82.4,1500400.9583333333,1371687.375,1524291.20131625,1403885.65602544,85.1026758411095,1791120.1807122608
201001,,30735415.0,31535995.0,85.351,113.22,82.1,1366018.4444444445,1401599.7777777778,1529041.11150941,1412939.54077625,85.37825348748771,1790902.3071472093
201002,,33039402.0,31044126.0,85.523,104.91,84.2,1611678.1463414633,1514347.6097560977,1597924.52472643,1479968.97086316,85.45298964960759,1869945.7225295196
201003,348541.7,37308940.0,35575754.0,85.696,108.95,84.7,1554539.1666666667,1482323.0833333333,1567092.78065127,1495830.3918655,85.4875820647365,1833123.2944038236
201004,,39301014.0,35522367.0,86.041,112.77,84.0,1637542.25,1480098.625,1603112.72240018,1498869.17393195,85.8368209006299,1867628.2574072077
201005,,38887930.0,34853570.0,86.128,107.91,85.3,1851806.1904761905,1659693.8095238095,1726028.39998803,1562257.28941388,85.96743616496241,2007770.0080248574
201006,355163.3,42049045.0,35254773.0,86.041,109.93,85.3,1828219.347826087,1532816.2173913044,1706389.06160698,1523807.75184644,86.0862856005215,1982184.560181143
201007,,40423611.0,35421718.0,86.214,109.59,84.8,1649943.306122449,1445784.4081632653,1701861.77485995,1493540.51098881,86.1972730607621,1974380.0638104584
201008,,36480955.0,35274964.0,86.647,105.05,84.3,1520039.7916666667,1469790.1666666667,1631007.34165361,1519008.6693341,86.53583268912571,1884776.8502013455
201009,359266.2,39410882.0,35001780.0,87.337,109.98,84.3,1876708.6666666667,1666751.4285714286,1792778.7223962,1569068.39047889,87.1518745544387,2057074.1955485481
201010,,43340335.0,37001095.0,87.337,108.51,84.7,1844269.574468085,1574514.680851064,1797743.82178028,1572411.1569262,87.4411894592758,2055946.2112732898
201011,,41260912.0,38669304.0,86.906,110.97,85.1,1719204.6666666667,1611221.0,1770250.78297619,1690199.91783192,87.3281400485325,2027125.2565236995
201012,363646.8,44145320.0,40056714.0,87.251,112.2,86.2,1801849.7959183673,1634967.918367347,1827798.83192566,1676045.8505446,87.6474053647203,2085399.8179635594
201101,,44465366.0,41981323.0,88.288,115.44,88.3,1933276.7826086956,1825274.9130434783,2132821.96943051,1821753.63559627,88.2663768321213,2416347.0236090487
201102,,38467412.0,36401588.0,88.892,102.18,84.8,2024600.6315789474,1915873.0526315789,1999526.95895441,1862267.19997545,88.7358839822577,2253346.5259152716
201103,367040.1,48052991.0,45565952.0,89.238,97.23,87.9,2002207.9583333333,1898581.3333333333,2003978.12746255,1896332.47372294,89.0230653206818,2251077.426107217
201104,,48536725.0,44188522.0,89.325,107.81,86.7,2065392.5531914893,1880362.6382978724,2030005.22186416,1914000.71133581,89.1539729711908,2276965.517308057
201105,,47331329.0,45284932.0,89.497,103.83,87.0,2151424.0454545454,2058406.0,2020888.12175266,1943823.43429997,89.3654888612995,2261374.2144791456
201106,368841.5,46736893.0,44824772.0,89.67,100.81,87.9,2032038.8260869565,1948903.1304347827,1897339.88511605,1934967.12095781,89.7505509832598,2114014.749023591
201107,,48950113.0,44296129.0,90.102,106.13,87.4,2082983.5319148935,1884941.6595744682,2173934.83325138,1973945.7206504,90.1301245084331,2411995.817278577
201108,,45792061.0,45381680.0,90.707,85.55,87.8,1908002.5416666667,1890903.3333333333,2048042.18645144,1968160.61624982,90.61066693020392,2260266.0987243555
201109,370782.8,46510965.0,45279469.0,90.62,88.83,87.6,2114134.772727273,2058157.6818181819,2018112.62058106,1934988.76528891,90.41954620387091,2231942.8766328664
201110,,46613480.0,42709770.0,90.448,97.82,88.6,2071710.2222222222,1898212.0,2013374.76144448,1890619.92919175,90.5531762622388,2223417.051229454
201111,,46012595.0,43010481.0,90.534,96.28,87.5,1917191.4583333333,1792103.375,1978102.72626163,1874052.52972785,90.95321920770651,2174857.2986122784
201112,372534.0,47743725.0,45488471.0,90.879,97.06,86.8,1948723.469387755,1856672.2857142857,1969925.29151346,1896626.77567038,91.26453594076379,2158478.3960245643
201201,,41200358.0,43517291.0,91.242,102.46,87.7,1872743.5454545454,1978058.6818181819,2033387.88297225,1968561.0533314,91.1833450711285,2229999.219030718
201202,,46316184.0,45099984.0,91.588,97.58,89.5,2013747.1304347827,1960868.8695652173,1986393.03091332,1898839.74371142,91.36603101436579,2174104.542859033
201203,375758.9,47329817.0,45053406.0,91.614,105.26,88.5,2014034.7659574468,1917166.2127659575,2003066.7746978,1903300.49917439,91.39898542348791,2191563.4680371927
201204,,46094754.0,43957176.0,91.605,103.14,88.3,2095216.0909090908,1998053.4545454546,2078234.3117477,2043039.16413629,91.4718643875096,2271992.9517818824
201205,,46872357.0,44480339.0,91.769,94.17,89.2,2083215.8666666667,1976903.9555555556,1975424.90144935,1874397.09602783,91.6671609930684,2154997.362249198
201206,377885.6,47162605.0,41993629.0,91.639,94.31,88.2,2096115.7777777778,1866383.5111111111,1964006.77689815,1856590.80386174,91.74140183447291,2140807.4627437745
201207,,44667681.0,41976900.0,91.432,91.13,88.8,1861153.375,1749037.5,1962165.92096277,1847743.1669517,91.48238877300501,2144856.455193236
201208,,43045181.0,41115675.0,91.855,89.59,87.6,1793549.2083333333,1713153.125,1919059.96497591,1787374.35807776,91.7593431976096,2091405.515886368
201209,379592.8,45412538.0,42559535.0,92.512,95.23,88.3,2064206.2727272727,1934524.3181818181,1961984.88903732,1818993.71892105,92.3111554671793,2125403.889820112
201210,,47087760.0,43379893.0,92.339,92.47,88.8,2047293.9130434783,1886082.3043478262,1981696.65532671,1867948.00104692,92.4563793966926,2143385.5275946492
201211,,47805246.0,43381537.0,92.011,97.22,89.2,1991885.25,1807564.0416666667,2049096.08212445,1879887.23740608,92.40305221177229,2217563.2006486817
201212,381499.3,44875311.0,43069109.0,92.175,98.35,89.2,2087223.7674418604,2003214.3720930233,2103656.89099056,2030014.38499959,92.5172545009758,2273799.5224105706
201301,,45673109.0,45296942.0,92.728,99.16,89.7,1903046.2083333333,1887372.5833333333,2045482.64285416,1885754.84730936,92.6671660302223,2207343.4750201055
201302,,42331837.0,40458472.0,93.038,93.21,90.5,2064967.6585365853,1973584.0,2043222.50506825,1912788.90681213,92.7845806290548,2202114.2858174755
201303,384778.0,47312704.0,43976739.0,92.952,96.32,89.1,2102786.8444444444,1954521.7333333334,2088518.75223027,1942858.48443792,92.7607225266119,2251511.9496089523
201304,,46157925.0,43648241.0,92.823,92.53,90.3,1923246.875,1818676.7083333333,1921283.94707156,1864292.79321977,92.72690900945749,2071981.0113325384
201305,,48307560.0,42389874.0,92.823,97.91,90.0,2100328.695652174,1843038.0,2004598.68053051,1753865.33323019,92.7288725878392,2161784.8083202085
201306,389265.1,46690983.0,40719394.0,92.71,89.86,89.7,2171673.6279069767,1893925.3023255814,2043070.47117426,1887330.72842869,92.8033389091128,2201505.3501201575
201307,,45829521.0,43384403.0,92.909,95.38,89.5,1833180.84,1735376.12,1940411.01118354,1837776.24917943,92.97724338002008,2086974.1246819068
201308,,46311341.0,41593821.0,93.238,92.28,90.2,1970695.3617021276,1769949.829787234,2103689.20149372,1843546.45059315,93.1460957501639,2258483.4979409412
201309,392597.8,44650486.0,41055405.0,93.419,103.88,89.7,2232524.3,2052770.25,2108290.90583934,1928891.53746443,93.21753371701321,2261689.2142197425
201310,,50480484.0,45604963.0,93.134,94.86,91.1,2194803.652173913,1982824.4782608696,2120745.25464848,1951780.11700033,93.237047913233,2274573.5757550574
201311,,47905028.0,43106074.0,93.116,100.96,90.7,2038511.829787234,1834301.0212765958,2083220.67053358,1892946.54400648,93.48995816876379,2228282.813832311
201312,396032.7,47981456.0,44351186.0,93.229,96.59,90.2,2086150.2608695652,1928312.4347826086,2102022.31890126,1943423.13764465,93.54939463275178,2246965.175085525
201401,,45559632.0,44746013.0,93.73,93.56,92.1,2070892.3636363635,2033909.6818181819,2215412.46237348,2049702.29808218,93.68157156775641,2364832.7256883755
201402,,42911735.0,42061554.0,93.98,97.52,91.5,1995894.6511627906,1956351.3488372094,1984177.4457049,1903218.58178938,93.7142582859725,2117263.137963606
201403,399424.5,49064392.0,45558675.0,94.153,104.12,91.7,2133234.434782609,1980811.956521739,2120383.81496505,1978269.31123329,93.9821453423809,2256156.004143556
201404,,50267448.0,45873333.0,94.214,104.79,91.8,2094477.0,1911388.875,2105764.16873366,1963054.91639356,94.14108764747759,2236817.335931939
201405,,47577183.0,42607483.0,94.369,102.91,90.7,2212892.2325581396,1981743.3953488371,2123491.96810594,1885631.44763132,94.27833373980471,2252364.762795328
201406,402905.9,47827709.0,42476381.0,94.248,101.99,92.1,2277509.9523809524,2022684.8095238095,2148402.20800839,2020157.82160362,94.33673785345819,2277375.9798072497
201407,,48204545.0,45863916.0,94.386,104.41,92.3,1928181.8,1834556.64,2035652.91400403,1941606.12225367,94.47273914239929,2154751.6590322196
201408,,46108370.0,42791869.0,94.551,108.61,91.4,2049260.888888889,1901860.8444444444,2183950.36553778,1969664.37165504,94.4386608300743,2312559.651250681
201409,404193.0,47446217.0,44184712.0,94.49,102.21,90.5,2259343.6666666665,2104033.904761905,2118663.80006453,1984606.00217223,94.28679651345051,2247041.8747998206
201410,,51630657.0,44097421.0,94.205,96.51,91.4,2244811.1739130435,1917279.1739130435,2165863.86102343,1871954.27971572,94.2865274944918,2297108.5250222613
201411,,46605342.0,41343254.0,94.015,105.14,91.3,2071348.5333333334,1837477.9555555556,2105249.88695439,1889600.58845066,94.38571559911291,2230475.1027115975
201412,406194.1,49461377.0,43909896.0,94.006,100.09,91.5,2060890.7083333333,1829579.0,2080953.52807067,1833586.99912038,94.30414573148241,2206640.558513608
201501,,45105389.0,39283025.0,94.643,104.49,91.5,1919378.255319149,1671618.085106383,2051865.26967134,1696795.96361395,94.61979690813699,2168536.9623689037
201502,,41472191.0,33998316.0,94.587,106.28,92.9,2182746.8947368423,1789385.0526315789,2175171.63000203,1748226.11362289,94.3115489478368,2306368.2595279035
201503,409287.8,46822771.0,38485935.0,94.596,112.7,92.2,1950948.7916666667,1603580.625,1948529.37932241,1610614.08563073,94.45347024704279,2062951.6038172413
201504,,46221931.0,37858798.0,94.625,115.28,92.9,1925913.7916666667,1577449.9166666667,1944712.79710545,1619642.77112981,94.5537180840345,2056728.0023584994
201505,,42327311.0,36039800.0,94.89,109.25,91.6,2064746.8780487804,1758039.024390244,1987712.92874729,1670951.30105653,94.7988795976192,2096768.3765718364
201506,411277.5,46554512.0,36598398.0,94.909,100.91,92.3,1981043.0638297873,1557378.6382978724,1869269.60900166,1553559.6986926,95.004730938717,1967554.2370699793
201507,,45695747.0,38647067.0,95.08,102.89,92.3,1827829.88,1545882.68,1922840.47422209,1635766.58012111,95.20250964411301,2019737.1701755258
201508,,39107399.0,34772163.0,95.213,95.62,93.8,1777609.0454545454,1580552.8636363635,1896584.92811474,1634419.24371798,95.09736539592659,1994361.168912024
201509,417287.5,43432312.0,34540504.0,94.966,100.75,94.8,2020107.534883721,1606535.0697674418,1878193.88900239,1522128.9330361,94.74857692841428,1982292.4521826098
201510,,43352046.0,36762975.0,94.966,109.66,94.3,1884871.5652173914,1598390.2173913044,1814986.48933825,1553739.01795149,94.97464689845941,1911022.0975906476
201511,,44285052.0,34049682.0,94.786,106.13,94.0,1925437.043478261,1480420.956521739,1953023.1101117,1515839.01699822,95.1555836786482,2052452.4516683044
201512,420167.6,42379843.0,35462311.0,95.07,101.4,94.6,1765826.7916666667,1477596.2916666667,1787370.21679058,1476652.95700401,95.37157650134908,1874112.0597553472
201601,,36260420.0,31321901.0,95.232,96.32,93.5,1611574.2222222222,1392084.4888888889,1723391.32111489,1419439.71663156,95.24013463327559,1809522.1386979865
201602,,35924541.0,29163323.0,95.64,94.67,94.7,1796227.05,1458166.15,1789158.42908489,1425181.13184695,95.34915357072991,1876428.2241453712
201603,421313.1,43002468.0,33344423.0,95.393,103.73,95.3,1791769.5,1389350.9583333333,1796046.16622198,1399930.45231,95.2745400739165,1885127.0914858892
201604,,41081553.0,32388783.0,95.573,100.8,94.9,1825846.8,1439501.4666666666,1848622.95121332,1475378.82171893,95.50036537598619,1935723.4330311378
201605,,39733794.0,33025444.0,95.63,96.88,96.0,1848083.441860465,1536067.1627906978,1786781.73167167,1457720.64268372,95.54123812599491,1870168.0726759615
201606,426505.8,45209071.0,33890231.0,95.611,91.55,96.4,1965611.7826086956,1473488.3043478262,1862322.05414975,1471422.12957541,95.72256250703941,1945541.3701579452
201607,,40881700.0,33371802.0,95.431,104.94,95.8,1739646.8085106383,1420076.680851064,1824163.11792031,1501815.45590876,95.5973052533604,1908174.203326916
201608,,40124791.0,35103611.0,95.677,98.43,96.2,1671866.2916666667,1462650.4583333333,1785934.65079714,1511727.80522672,95.5624894321368,1868865.7666933346
201609,428246.6,40846252.0,33988443.0,96.247,90.38,96.2,1945059.619047619,1618497.2857142857,1790795.92954867,1547850.60410362,96.01310006530349,1865157.909004768
201610,,41983329.0,35050112.0,96.379,91.4,95.8,1865925.7333333334,1557782.7555555555,1793483.67147147,1509924.52608324,96.3018497055382,1862356.4105522358
201611,,45309141.0,37240858.0,96.237,91.49,97.4,1887880.875,1551702.4166666667,1918908.60322705,1591091.09713842,96.608765168323,1986267.6019962626
201612,430814.8,45068880.0,38303957.0,96.342,94.33,97.2,1839546.1224489796,1563426.8163265307,1857578.63533259,1554092.34106773,96.6346810437776,1922269.1225017512
201701,,40257000.0,37645403.0,97.366,98.53,97.9,1872418.6046511629,1750948.9767441861,2000527.97927817,1779917.88454754,97.4042495587904,2053840.5545342343
201702,,43166536.0,36203282.0,97.632,98.12,97.9,1962115.2727272727,1645603.7272727273,1951896.36552229,1605206.95320677,97.3245628843048,2005553.693411004
201703,435027.1,48637832.0,42579492.0,97.565,100.7,99.1,2026576.3333333333,1774145.5,2030619.01184747,1786857.028825,97.4633508022474,2083469.319629267
201704,,50843799.0,37959391.0,97.442,114.09,98.2,2259724.4,1687084.0444444444,2293880.7246056,1717766.27182146,97.3716039952849,2355800.490579038
201705,,44926979.0,39287764.0,97.546,115.67,98.5,2139379.9523809524,1870845.9047619049,2082563.22764079,1785372.05663999,97.472464812114,2136565.676937685
201706,438331.2,51272452.0,40551012.0,97.338,111.37,98.2,2229237.0434782607,1763087.4782608696,2126119.24513132,1766692.09243613,97.45616853275891,2181615.8762866263
201707,,48830440.0,38607157.0,97.499,111.31,98.3,2077891.0638297873,1642857.744680851,2180250.40557944,1737777.39238356,97.71686863342319,2231191.4371289057
201708,,47105569.0,40549772.0,98.058,96.0,98.6,1962732.0416666667,1689573.8333333333,2098369.58613172,1750971.53378227,97.9647690770653,2141963.489426499
201709,444445.6,55115240.0,41695884.0,98.172,101.27,99.9,2345329.361702128,1774292.9361702127,2146232.49530504,1711366.27954096,97.91708995047951,2191887.541174348
201710,,44791239.0,37856562.0,98.077,109.8,99.0,2488402.1666666665,2103142.3333333335,2384499.58973118,2033949.11076756,97.89609671836331,2435745.315353208
201711,,49707197.0,42013512.0,97.347,116.95,99.4,2071133.2083333333,1750563.0,2109561.65044987,1798264.25830054,97.71175432467409,2158964.052001639
201712,443007.6,49040139.0,43529066.0,97.698,109.22,98.7,2179561.7333333334,1934625.1555555556,2187523.62823275,1918448.36915955,97.99928954301309,2232183.1499325503
201801,,49221291.0,45805322.0,98.106,112.79,99.6,2050887.125,1908555.0833333333,2177006.66443739,1926175.60092138,98.1581430416012,2217856.406996957
201802,,44523530.0,41722154.0,98.855,105.06,100.4,2283257.9487179485,2139597.641025641,2266174.37439121,2077659.28034755,98.5494692379823,2299529.7609556234
201803,448561.5,51309932.0,44897838.0,98.751,103.38,99.1,2183401.361702128,1910546.2978723405,2179107.80825486,1912921.45257338,98.65339485486142,2208852.327343379
201804,,49850235.0,43693963.0,98.931,105.14,100.7,2167401.5217391304,1899737.5217391304,2217495.8236676,1923413.58784265,98.8673858115209,2242899.218449041
201805,,50687750.0,44458729.0,98.979,105.63,100.7,2357569.7674418604,2067847.8604651163,2308549.11177191,1987794.57680269,98.9234833860033,2333671.4728937126
201806,451648.7,51079375.0,45000164.0,98.779,101.77,100.5,2375784.88372093,2093030.8837209302,2294833.53336797,2114376.54228877,98.9028627937767,2320290.301558762
201807,,51810255.0,44917044.0,98.59,91.39,101.0,2158760.625,1871543.5,2270406.88145287,1981178.10562196,98.83702541797709,2297121.8243886107
201808,,51180449.0,44360778.0,99.462,96.4,100.9,2132518.7083333335,1848365.75,2274115.33132225,1920400.93706931,99.3832019943676,2288229.0826684497
201809,454433.9,50650208.0,41032928.0,100.221,101.08,100.1,2597446.564102564,2104252.717948718,2369014.63855797,2046176.51678039,99.95686873800241,2370036.865367811
201810,,54860310.0,48480618.0,100.041,87.38,101.1,2385230.8695652173,2107852.9565217393,2274547.97216156,2029995.95211529,99.78115518707371,2279536.6198127754
201811,,51479530.0,46808199.0,99.33,93.82,99.8,2144980.4166666665,1950341.625,2192893.88232459,2015227.72778476,99.6886931093757,2199741.8302180036
201812,457361.2,48206793.0,44024694.0,98.988,92.51,99.2,2142524.1333333333,1956653.0666666667,2135858.67163551,1935829.90436534,99.2970074230736,2150979.9006683878
201901,,46168934.0,45153389.0,98.884,97.39,100.7,1923705.5833333333,1881391.2083333333,2024542.46837765,1872551.51299531,98.9352830325726,2046330.0920775728
201902,,39481803.0,36651437.0,99.311,96.02,98.2,2077989.6315789474,1929023.0,2053714.18608975,1866708.24204125,99.0396870074916,2073627.5003922442
201903,457051.4,47003206.0,41992349.0,99.121,95.9,99.4,2089031.3777777778,1866326.6222222222,2071527.29183954,1856320.95740695,99.0229012581995,2091967.8837101422
201904,,48781156.0,45047164.0,99.481,101.71,101.0,2032548.1666666667,1876965.1666666667,2106518.50399709,1897290.90136433,99.42264788493651,2118751.1586243394
201905,,45703948.0,43619667.0,99.652,94.94,101.0,1987128.1739130435,1896507.2608695652,1951312.39387933,1845817.34113659,99.6161075847052,1958832.2021316653
201906,462044.6,44008404.0,40104812.0,99.491,95.01,99.9,2046902.511627907,1865340.0930232557,2003003.77735006,1900196.60434507,99.5968795795632,2011110.9763734676
201907,,46078221.0,43762245.0,99.187,89.57,101.5,1843128.84,1750489.8,1946462.97513504,1847874.48410776,99.4319568719544,1957582.890218724
201908,,44020065.0,42457250.0,99.425,83.5,101.6,1873194.255319149,1806691.4893617022,1986678.53829836,1877374.87940105,99.35550291184391,1999565.6808874481
201909,463963.6,44629053.0,38741473.0,99.794,95.32,101.5,2177026.975609756,1889827.9512195121,1983704.55631682,1840432.34403784,99.5458855116041,1992753.940679526
201910,,46648756.0,41396517.0,100.041,92.99,101.9,2028206.7826086956,1799848.5652173914,1924238.70388653,1727570.58905989,99.7435869340017,1929185.3872868633
201911,,44040722.0,40729215.0,99.481,104.01,101.9,1874073.2765957448,1733158.085106383,1924373.85168496,1797685.49723444,99.8047632834499,1928138.2855642412
201912,469606.8,45668341.0,43687430.0,99.719,105.59,103.2,1985580.043478261,1899453.4782608696,1974276.80597851,1887766.18987232,100.04717768519899,1973345.827096315
202001,,43103061.0,42718100.0,100.09,102.02,103.6,2004793.534883721,1986888.3720930233,2093045.97859197,1955378.83791662,100.130009439976,2090328.3544047484
202002,,40911819.0,36977247.0,100.16,82.04,100.5,1818303.0666666667,1643433.2,1789793.84431775,1586920.17193913,99.9479089167562,1790726.6532293526
202003,463613.4,46167204.0,41803860.0,99.94,71.21,99.0,1923633.5,1741827.5,1896393.14436068,1723387.20248923,99.85112969119741,1899220.519813368
202004,,36270183.0,37932611.0,99.5,80.4,97.2,1648644.6818181819,1724209.5909090908,1723037.20833554,1746374.99676862,99.4460238759676,1732635.5958530526
202005,,34854511.0,34661974.0,99.44,90.36,95.9,1621140.046511628,1612184.8372093022,1591527.74321022,1580190.25145842,99.39949928945379,1601142.6159961352
202006,449633.3,39214071.0,35794860.0,99.71,98.84,98.8,1668683.8723404256,1523185.5319148935,1650251.19188011,1562895.97594358,99.7848497521529,1653809.3668317674
202007,,42785144.0,38849185.0,99.63,106.02,99.4,1711405.76,1553967.4,1812670.41012541,1632672.54908779,99.861994737898,1815175.447759702
202008,,39469231.0,35817929.0,100.19,99.47,99.4,1794055.9545454546,1628087.6818181819,1894029.33900296,1688263.82025564,100.11771621184299,1891802.3809046033
202009,460042.1,47819948.0,39400190.0,100.74,99.39,101.0,2079128.1739130435,1713051.7391304348,1894679.53339454,1665932.33759475,100.50739142248399,1885114.6234909557
202010,,44818534.0,39093795.0,100.18,104.76,101.4,2134215.904761905,1861609.2857142857,2024108.26909266,1783025.47824205,99.8794855440663,2026550.5554688047
202011,,45751883.0,39944763.0,100.09,112.67,102.1,1989212.3043478262,1736728.8260869565,2052676.21402142,1812660.10279796,100.385481077941,2044793.9203754845
202012,466234.5,51332449.0,44638246.0,100.33,113.35,101.8,2138852.0416666665,1859926.9166666667,2121828.48472413,1856734.9222325,100.657300155911,2107972.776378433
202101,,48006974.0,44456822.0,101.04,114.01,101.6,2133643.288888889,1975858.7555555555,2217823.67655941,1926754.96019004,101.06558287565599,2194440.0986516494
202102,,44706907.0,42404636.0,101.58,107.14,103.9,2292661.8974358975,2174596.717948718,2251729.17254891,2102588.07274375,101.43625194391899,2219846.582850698
202103,474566.1,53690914.0,49742555.0,101.84,114.07,104.7,2237121.4166666665,2072606.4583333333,2193875.01779151,2043481.55348851,101.766350530539,2155796.101908117
202104,,51225991.0,50891152.0,101.98,119.42,103.9,2134416.2916666665,2120464.6666666665,2239023.56957923,2154002.76327381,101.936524701777,2196488.0361868944
202105,,50725161.0,47910522.0,102.05,115.54,104.5,2415483.8571428573,2281453.4285714286,2367387.18560325,2247763.81544337,102.007284692054,2320802.0807044
202106,478745.5,54778905.0,50429027.0,102.05,118.42,105.0,2282454.375,2101209.4583333335,2263091.5207582,2162883.62358399,102.08543249505101,2216860.393737287
202107,,55461518.0,53676256.0,102.26,117.3,104.4,2263735.4285714286,2190867.5918367347,2397581.9001386,2287953.1640508,102.47734910322501,2339621.3125336855
202108,,53165104.0,51581093.0,102.75,109.78,104.8,2311526.2608695654,2242656.217391304,2436109.55510023,2319276.11736416,102.66257616831601,2372928.5256841904
202109,479354.6,55913862.0,51636341.0,103.17,106.41,106.0,2662564.8571428573,2458873.380952381,2433678.30350383,2379838.37230264,102.93601819715401,2364263.108412247
202110,,55660373.0,53847824.0,103.35,104.44,106.6,2650493.9523809524,2564182.095238095,2520423.49318079,2454539.39336331,103.059909851038,2445590.624738359
202111,,60330542.0,57357549.0,103.87,110.79,107.7,2513772.5833333335,2389897.875,2604297.78736624,2506113.88344553,104.147828585497,2500578.094365473
202112,486043.7,60734117.0,61159671.0,104.04,111.48,109.4,2478943.551020408,2496313.102040816,2465475.78331145,2514769.04836368,104.379598863346,2362028.4137509055
202201,,55455376.0,60606721.0,104.85,103.28,109.8,2520698.909090909,2754850.9545454546,2610103.55848759,2672613.87535995,104.86529138406,2489006.1564110024
202202,,54155835.0,53482054.0,105.42,103.65,108.1,2707791.75,2674102.7,2655422.21453744,2592487.82558289,105.333280329979,2520971.725383243
202203,489254.3,63786835.0,63811102.0,106.1,103.64,110.1,2773340.652173913,2774395.7391304346,2715725.57003219,2727144.36636481,106.040340824078,2561030.59357156
202204,,57842816.0,60213185.0,106.83,104.68,110.1,2461396.425531915,2562263.1914893617,2575220.19381532,2613045.66039881,106.790319767056,2411473.436387027
202205,,61591326.0,63168380.0,107.5,103.2,110.3,2677883.7391304346,2746451.304347826,2614836.21208126,2698770.68328424,107.441295033239,2433734.8235353185
202206,492926.0,57679934.0,60149906.0,108.21,84.61,110.9,2621815.1818181816,2734086.6363636362,2595038.45721645,2809974.08834671,108.23712572002898,2397549.30662968
202207,,60241774.0,65259838.0,108.73,91.38,111.3,2563479.744680851,2777014.3829787234,2709165.47640049,2891487.76041893,108.942591134701,2486782.6698290743
202208,,56605950.0,66027733.0,108.63,97.92,110.5,2358581.25,2751155.5416666665,2490333.00525684,2847400.88346419,108.51372752569901,2294947.4338784106
202209,494078.1,57176300.0,61012837.0,108.82,86.14,110.6,2659362.7906976743,2837806.3720930233,2438743.44100888,2733525.09282124,108.569142453446,2246258.362089028
202210,,52428092.0,59167185.0,109.16,80.15,109.6,2438515.906976744,2751962.093023256,2328115.01493185,2634944.8344829,108.872433071161,2138387.973207278
202211,,51771855.0,58847655.0,109.07,88.53,109.0,2157160.625,2451985.625,2242071.12315574,2585496.55965311,109.34180344622999,2050515.9531764104
202212,492581.2,54848666.0,59623062.0,109.26,83.39,109.0,2238721.06122449,2433594.3673469387,2233491.75240827,2464188.43388224,109.605030481963,2037763.907903681
202301,,46345129.0,59020043.0,110.07,93.79,108.8,2155587.395348837,2745118.2790697673,2230518.39381719,2652709.29910815,110.088097107845,2026121.3086752873
202302,,49997673.0,55381468.0,110.33,97.48,110.0,2272621.5,2517339.4545454546,2224934.513413,2447872.53111586,110.288680819189,2017373.403042723
202303,494206.1,54887050.0,59637963.0,110.52,94.17,111.2,2286960.4166666665,2484915.125,2238989.36359058,2439402.82484236,110.47778142781799,2026642.221317099
202304,,49451030.0,51969814.0,110.77,95.03,109.8,2197823.5555555555,2309769.511111111,2292204.45979096,2367677.29821571,110.73319576032,2070024.6606739275
202305,,52060997.0,54292447.0,111.13,96.52,110.6,2313822.0888888887,2412997.644444444,2251111.31106557,2365122.61770678,111.06146884429701,2026905.76172869
202306,497214.1,54294199.0,53037694.0,111.16,101.64,110.6,2360617.347826087,2305986.695652174,2326105.71455149,2358226.62953398,111.186199800654,2092081.3182948695
202307,,50506815.0,48728673.0,111.29,102.08,109.7,2149226.170212766,2073560.5531914893,2266145.46221859,2153980.99382013,111.48945449618,2032609.6961002136
202308,,52033549.0,51001843.0,112.28,99.03,111.8,2168064.5416666665,2125076.7916666665,2295620.82746376,2202921.608539,112.140171511428,2047099.443957795
202309,500277.3,54657698.0,50974993.0,112.83,100.78,113.0,2602747.523809524,2427380.619047619,2390117.21811905,2328340.41819365,112.557968629063,2123454.471709354
202310,,55024756.0,53442202.0,113.26,95.52,111.0,2501125.272727273,2429191.0,2395698.0152106,2328124.11568088,112.975794171938,2120540.982048406
202311,,55776392.0,51998408.0,112.67,102.34,111.6,2324016.3333333335,2166600.3333333335,2422398.19290819,2289992.00972263,112.928780573794,2145067.1658720863
202312,,57658000.0,53180000.0,112.72,103.33,,2562577.777777778,2363555.5555555555,2565677.16251805,2404355.97618126,113.072355304276,2269057.857346167
202401,,,,112.74499999999998,,,,,,,112.77423720906499,
